CREATE TABLE DOLGOZO(
DOLGOZO_ID NUMERIC(10) NOT NULL,
CEG_ID NUMERIC(10) NOT NULL,
NEV VARCHAR(64),
NEM CHAR(1),
SZULETESI_HELY VARCHAR(64),
SZULETESI_EV NUMERIC(4),
IGAZOLVANY_SZAM NUMERIC(10),
CONSTRAINT PK_DOLGOZO PRIMARY KEY(DOLGOZO_ID),
CONSTRAINT FK_CEG_ID FOREIGN KEY(CEG_ID) REFERENCES CEG(CEG_ID),
CONSTRAINT IG_SZAM_UNIQUE UNIQUE(IGAZOLVANY_SZAM)
)

CREATE TABLE BERLET(
BERLET_ID NUMERIC(10) NOT NULL,
MEGNEVEZES VARCHAR(64),
AR NUMERIC(10),
ERVENYESSEG_IDO NUMERIC(10),
KEDVEZMENY_TIPUS VARCHAR(64),
BERLET_FORMATUM VARCHAR(64),
CONSTRAINT PK_BERLET PRIMARY KEY(BERLET_ID),
CONSTRAINT AR_CHECK CHECK(AR>=0 OR 9999>=AR)
)

CREATE TABLE VASARLAS(
VASARLAS_ID NUMERIC(10) NOT NULL,
DOLGOZO_ID NUMERIC(10) NOT NULL,
BERLET_ID NUMERIC(10) NOT NULL,
BERLET_MEGNEVEZES VARCHAR(64),
IGAZOLVANY_SZAM NUMERIC(10),
ERVENYESSEG_KEZDETE DATE,
CONSTRAINT PK_VASARLAS PRIMARY KEY(VASARLAS_ID),
CONSTRAINT FK_DOLGOZO FOREIGN KEY(DOLGOZO_ID) REFERENCES DOLGOZO(DOLGOZO_ID),
CONSTRAINT FK_BERLET FOREIGN KEY(BERLET_ID) REFERENCES BERLET(BERLET_ID)
)

CREATE TABLE CEG(
CEG_ID NUMERIC(10) NOT NULL,
CEGNEV VARCHAR(64),
SZEKHELY VARCHAR(64),
ADOSZAM NUMERIC(10),
ALAPITAS_DATUMA DATE,
JEGYZETT_TOKE NUMERIC(10),
CONSTRAINT PK_CEG_ID PRIMARY KEY(CEG_ID)
)

INSERT INTO dbo.CEG ( CEG_ID,CEGNEV,SZEKHELY,ADOSZAM,ALAPITAS_DATUMA,JEGYZETT_TOKE ) VALUES (10000,'Első Cég','Budapest',1111111,'1989-04-21',2000000);
INSERT INTO dbo.CEG ( CEG_ID,CEGNEV,SZEKHELY,ADOSZAM,ALAPITAS_DATUMA,JEGYZETT_TOKE ) VALUES (20000,'Második Cég','Kecskemét',2222222,'1990-05-12',1000000);
INSERT INTO dbo.CEG ( CEG_ID,CEGNEV,SZEKHELY,ADOSZAM,ALAPITAS_DATUMA,JEGYZETT_TOKE ) VALUES (30000,'Harmadik Cég','Szolnok',3333333,'2000-06-21',1500000);
INSERT INTO dbo.CEG ( CEG_ID,CEGNEV,SZEKHELY,ADOSZAM,ALAPITAS_DATUMA,JEGYZETT_TOKE ) VALUES (40000,'Negyedik Cég','Gyál',4444444,'1967-02-19',2000000);
INSERT INTO dbo.CEG ( CEG_ID,CEGNEV,SZEKHELY,ADOSZAM,ALAPITAS_DATUMA,JEGYZETT_TOKE ) VALUES (50000,'Ötödik Cég','Esztergom',5555555,'1989-12-25',3000000);
INSERT INTO dbo.CEG ( CEG_ID,CEGNEV,SZEKHELY,ADOSZAM,ALAPITAS_DATUMA,JEGYZETT_TOKE ) VALUES (60000,'Hatodik Cég','Zalaegerszeg',6666666,'1946-10-30',2500000);




INSERT INTO dbo.DOLGOZO(DOLGOZO_ID,CEG_ID,NEV,NEM,SZULETESI_HELY,SZULETESI_EV,IGAZOLVANY_SZAM) VALUES (1,10000,'Első Elemér','f','Budapest',1997,1111111111);
INSERT INTO dbo.DOLGOZO(DOLGOZO_ID,CEG_ID,NEV,NEM,SZULETESI_HELY,SZULETESI_EV,IGAZOLVANY_SZAM) VALUES (2,20000,'Második Márton','f','Budapest',1995,2222222222);
INSERT INTO dbo.DOLGOZO(DOLGOZO_ID,CEG_ID,NEV,NEM,SZULETESI_HELY,SZULETESI_EV,IGAZOLVANY_SZAM) VALUES (3,30000,'Harmadik Hedvig','f','Eger',1990,3333333333);
INSERT INTO dbo.DOLGOZO(DOLGOZO_ID,CEG_ID,NEV,NEM,SZULETESI_HELY,SZULETESI_EV,IGAZOLVANY_SZAM) VALUES (4,40000,'Negyedik Noémi','l','Gyál',1979,4444444444);
INSERT INTO dbo.DOLGOZO(DOLGOZO_ID,CEG_ID,NEV,NEM,SZULETESI_HELY,SZULETESI_EV,IGAZOLVANY_SZAM) VALUES (5,50000,'Ötödik Ödön','f','Szolnok',1954,5555555555);
INSERT INTO dbo.DOLGOZO(DOLGOZO_ID,CEG_ID,NEV,NEM,SZULETESI_HELY,SZULETESI_EV,IGAZOLVANY_SZAM) VALUES (6,60000,'Hatodik Heléna','l','Szeged',1929,6666666666);
INSERT INTO dbo.DOLGOZO(DOLGOZO_ID,CEG_ID,NEV,NEM,SZULETESI_HELY,SZULETESI_EV,IGAZOLVANY_SZAM) VALUES (7,10000,'Hetedik Hugó','f','Budapest',1938,7777777777);
INSERT INTO dbo.DOLGOZO(DOLGOZO_ID,CEG_ID,NEV,NEM,SZULETESI_HELY,SZULETESI_EV,IGAZOLVANY_SZAM) VALUES (8,20000,'Nyolcadik Nóra','l','Zalaegerszeg',1944,8888888888);
INSERT INTO dbo.DOLGOZO(DOLGOZO_ID,CEG_ID,NEV,NEM,SZULETESI_HELY,SZULETESI_EV,IGAZOLVANY_SZAM) VALUES (9,30000,'Kilencedik Kristóf','f','Óbuda',1961,9999999999);
INSERT INTO dbo.DOLGOZO(DOLGOZO_ID,CEG_ID,NEV,NEM,SZULETESI_HELY,SZULETESI_EV,IGAZOLVANY_SZAM) VALUES (10,40000,'Tizedik Tamás','f','Tapolca',1979,1010101010);
INSERT INTO dbo.DOLGOZO(DOLGOZO_ID,CEG_ID,NEV,NEM,SZULETESI_HELY,SZULETESI_EV,IGAZOLVANY_SZAM) VALUES (11,50000,'Tizenegyedik Tamara','l','Szikszó',1989,1011101110);
INSERT INTO dbo.DOLGOZO(DOLGOZO_ID,CEG_ID,NEV,NEM,SZULETESI_HELY,SZULETESI_EV,IGAZOLVANY_SZAM) VALUES (12,60000,'Tizenkettedik Tibor','f','Esztergom',1949,1212121212);
INSERT INTO dbo.DOLGOZO(DOLGOZO_ID,CEG_ID,NEV,NEM,SZULETESI_HELY,SZULETESI_EV,IGAZOLVANY_SZAM) VALUES (13,10000,'Tizenharmadik Heléna','l','Pécs',1995,1313131313);
INSERT INTO dbo.DOLGOZO(DOLGOZO_ID,CEG_ID,NEV,NEM,SZULETESI_HELY,SZULETESI_EV,IGAZOLVANY_SZAM) VALUES (14,20000,'Tizennegyedik Tivadar','f','Bicske',1991,1414141414);
INSERT INTO dbo.DOLGOZO(DOLGOZO_ID,CEG_ID,NEV,NEM,SZULETESI_HELY,SZULETESI_EV,IGAZOLVANY_SZAM) VALUES (15,30000,'Tizenötödik Timon','f','Budapest',1990,1515151515);
INSERT INTO dbo.DOLGOZO(DOLGOZO_ID,CEG_ID,NEV,NEM,SZULETESI_HELY,SZULETESI_EV,IGAZOLVANY_SZAM) VALUES (16,40000,'Tizenhatodik Tibor','f','Kecskemét',1987,1616161616);
INSERT INTO dbo.DOLGOZO(DOLGOZO_ID,CEG_ID,NEV,NEM,SZULETESI_HELY,SZULETESI_EV,IGAZOLVANY_SZAM) VALUES (17,50000,'Tizenhetedik Helga','l','Kiskunfélegyháza',1982,1717171717);
INSERT INTO dbo.DOLGOZO(DOLGOZO_ID,CEG_ID,NEV,NEM,SZULETESI_HELY,SZULETESI_EV,IGAZOLVANY_SZAM) VALUES (18,60000,'Tizennyolcadik Norbert','f','Isaszeg',1979,1818181818);
INSERT INTO dbo.DOLGOZO(DOLGOZO_ID,CEG_ID,NEV,NEM,SZULETESI_HELY,SZULETESI_EV,IGAZOLVANY_SZAM) VALUES (19,10000,'Tizenkilencedik Kelemen','f','Bugyi',1945,1919191919);
INSERT INTO dbo.DOLGOZO(DOLGOZO_ID,CEG_ID,NEV,NEM,SZULETESI_HELY,SZULETESI_EV,IGAZOLVANY_SZAM) VALUES (20,20000,'Huszadik Attila','f','Tapolca',1969,2020202020);
INSERT INTO dbo.DOLGOZO(DOLGOZO_ID,CEG_ID,NEV,NEM,SZULETESI_HELY,SZULETESI_EV,IGAZOLVANY_SZAM) VALUES (21,30000,'Huszonegyedik Béla','f','Budapest',1984,2121212121);
INSERT INTO dbo.DOLGOZO(DOLGOZO_ID,CEG_ID,NEV,NEM,SZULETESI_HELY,SZULETESI_EV,IGAZOLVANY_SZAM) VALUES (22,40000,'Futkár Frida','l','Szolnok',1955,2022222222);
INSERT INTO dbo.DOLGOZO(DOLGOZO_ID,CEG_ID,NEV,NEM,SZULETESI_HELY,SZULETESI_EV,IGAZOLVANY_SZAM) VALUES (23,50000,'Gyorsuló Gergő','f','Pécel',1977,2323232323);
INSERT INTO dbo.DOLGOZO(DOLGOZO_ID,CEG_ID,NEV,NEM,SZULETESI_HELY,SZULETESI_EV,IGAZOLVANY_SZAM) VALUES (24,60000,'Lassuló Lázár','f','Szombathely',1964,2424242424);
INSERT INTO dbo.DOLGOZO(DOLGOZO_ID,CEG_ID,NEV,NEM,SZULETESI_HELY,SZULETESI_EV,IGAZOLVANY_SZAM) VALUES (25,10000,'Elmész Péter','f','Keszthely',1958,2525252525);
INSERT INTO dbo.DOLGOZO(DOLGOZO_ID,CEG_ID,NEV,NEM,SZULETESI_HELY,SZULETESI_EV,IGAZOLVANY_SZAM) VALUES (26,20000,'Maradi János','f','Óbuda',1986,2626262626);
INSERT INTO dbo.DOLGOZO(DOLGOZO_ID,CEG_ID,NEV,NEM,SZULETESI_HELY,SZULETESI_EV,IGAZOLVANY_SZAM) VALUES (27,30000,'Gépész Álmos','f','Szolnok',1953,2727272727);
INSERT INTO dbo.DOLGOZO(DOLGOZO_ID,CEG_ID,NEV,NEM,SZULETESI_HELY,SZULETESI_EV,IGAZOLVANY_SZAM) VALUES (28,40000,'Darus Ende','f','Bugyi',1976,2828282828);
INSERT INTO dbo.DOLGOZO(DOLGOZO_ID,CEG_ID,NEV,NEM,SZULETESI_HELY,SZULETESI_EV,IGAZOLVANY_SZAM) VALUES (29,50000,'Könyvelő Kendra','l','Kecskemét',1969,2929292929);
INSERT INTO dbo.DOLGOZO(DOLGOZO_ID,CEG_ID,NEV,NEM,SZULETESI_HELY,SZULETESI_EV,IGAZOLVANY_SZAM) VALUES (30,60000,'Múszani Dániel','f','Pécs',1948,3030303030);


INSERT INTO dbo.BERLET (BERLET_ID,MEGNEVEZES,AR,ERVENYESSEG_IDO,KEDVEZMENY_TIPUS,BERLET_FORMATUM) VALUES(110,'1 napos bérlet','1000','1','nincs','papír/online');
INSERT INTO dbo.BERLET (BERLET_ID,MEGNEVEZES,AR,ERVENYESSEG_IDO,KEDVEZMENY_TIPUS,BERLET_FORMATUM) VALUES(120,'2 napos bérlet','2000','2','nincs','papír/online');
INSERT INTO dbo.BERLET (BERLET_ID,MEGNEVEZES,AR,ERVENYESSEG_IDO,KEDVEZMENY_TIPUS,BERLET_FORMATUM) VALUES(130,'3 napos bérlet','3000','3','nincs','papír/online');
INSERT INTO dbo.BERLET (BERLET_ID,MEGNEVEZES,AR,ERVENYESSEG_IDO,KEDVEZMENY_TIPUS,BERLET_FORMATUM) VALUES(140,'1 napos diákbérlet','1000','1','diák','papír/online');
INSERT INTO dbo.BERLET (BERLET_ID,MEGNEVEZES,AR,ERVENYESSEG_IDO,KEDVEZMENY_TIPUS,BERLET_FORMATUM) VALUES(150,'2 napos diákbérlet','1500','2','diák','papír/online');
INSERT INTO dbo.BERLET (BERLET_ID,MEGNEVEZES,AR,ERVENYESSEG_IDO,KEDVEZMENY_TIPUS,BERLET_FORMATUM) VALUES(160,'3 napos diákbérlet','2000','3','diák','papír/online');
INSERT INTO dbo.BERLET (BERLET_ID,MEGNEVEZES,AR,ERVENYESSEG_IDO,KEDVEZMENY_TIPUS,BERLET_FORMATUM) VALUES(170,'Diák félhavi','2000','15','diák','papír/online');
INSERT INTO dbo.BERLET (BERLET_ID,MEGNEVEZES,AR,ERVENYESSEG_IDO,KEDVEZMENY_TIPUS,BERLET_FORMATUM) VALUES(180,'Diák 1 hónapos','4000','30','diák','papír/online');
INSERT INTO dbo.BERLET (BERLET_ID,MEGNEVEZES,AR,ERVENYESSEG_IDO,KEDVEZMENY_TIPUS,BERLET_FORMATUM) VALUES(190,'Felnőtt félhavi','5000','15','nincs','papír/online');
INSERT INTO dbo.BERLET (BERLET_ID,MEGNEVEZES,AR,ERVENYESSEG_IDO,KEDVEZMENY_TIPUS,BERLET_FORMATUM) VALUES(200,'Felnőtt 1 hónapos','10000','30','nincs','papír/online');
INSERT INTO dbo.BERLET (BERLET_ID,MEGNEVEZES,AR,ERVENYESSEG_IDO,KEDVEZMENY_TIPUS,BERLET_FORMATUM) VALUES(210,'1 napos nyugdíjas bérlet','1000','1','nyugdíjas','papír');
INSERT INTO dbo.BERLET (BERLET_ID,MEGNEVEZES,AR,ERVENYESSEG_IDO,KEDVEZMENY_TIPUS,BERLET_FORMATUM) VALUES(220,'2 napos nyugdíjas bérlet','1500','2','nyugdíjas','papír');
INSERT INTO dbo.BERLET (BERLET_ID,MEGNEVEZES,AR,ERVENYESSEG_IDO,KEDVEZMENY_TIPUS,BERLET_FORMATUM) VALUES(230,'3 napos nyugdíjas bérlet','2000','3','nyugdíjas','papír');
INSERT INTO dbo.BERLET (BERLET_ID,MEGNEVEZES,AR,ERVENYESSEG_IDO,KEDVEZMENY_TIPUS,BERLET_FORMATUM) VALUES(240,'Nyugdíjas félhavi','2000','15','nyugdíjas','papír');
INSERT INTO dbo.BERLET (BERLET_ID,MEGNEVEZES,AR,ERVENYESSEG_IDO,KEDVEZMENY_TIPUS,BERLET_FORMATUM) VALUES(250,'Nyugdíjas 1 hónapos','4000','30','nyugdíjas','papír');


INSERT INTO dbo.VASARLAS ( VASARLAS_ID,DOLGOZO_ID,BERLET_ID,BERLET_MEGNEVEZES,IGAZOLVANY_SZAM,ERVENYESSEG_KEZDETE ) VALUES (1,1,110,'1 napos bérlet',1111111111,'2018-01-01');
INSERT INTO dbo.VASARLAS ( VASARLAS_ID,DOLGOZO_ID,BERLET_ID,BERLET_MEGNEVEZES,IGAZOLVANY_SZAM,ERVENYESSEG_KEZDETE ) VALUES (2,2,110,'1 napos bérlet',2222222222,'2018-02-01');
INSERT INTO dbo.VASARLAS ( VASARLAS_ID,DOLGOZO_ID,BERLET_ID,BERLET_MEGNEVEZES,IGAZOLVANY_SZAM,ERVENYESSEG_KEZDETE ) VALUES (3,3,120,'2 napos bérlet',3333333333,'2018-01-02');
INSERT INTO dbo.VASARLAS ( VASARLAS_ID,DOLGOZO_ID,BERLET_ID,BERLET_MEGNEVEZES,IGAZOLVANY_SZAM,ERVENYESSEG_KEZDETE ) VALUES (4,4,140,'1 napos diákbérlet',4444444444,'2018-01-16');
INSERT INTO dbo.VASARLAS ( VASARLAS_ID,DOLGOZO_ID,BERLET_ID,BERLET_MEGNEVEZES,IGAZOLVANY_SZAM,ERVENYESSEG_KEZDETE ) VALUES (5,5,160,'3 napos diákbérlet',5555555555,'2018-01-30');
INSERT INTO dbo.VASARLAS ( VASARLAS_ID,DOLGOZO_ID,BERLET_ID,BERLET_MEGNEVEZES,IGAZOLVANY_SZAM,ERVENYESSEG_KEZDETE ) VALUES (6,6,170,'Diák félhavi',6666666666,'2018-04-17');
INSERT INTO dbo.VASARLAS ( VASARLAS_ID,DOLGOZO_ID,BERLET_ID,BERLET_MEGNEVEZES,IGAZOLVANY_SZAM,ERVENYESSEG_KEZDETE ) VALUES (7,7,180,'Diák 1 hónapos',7777777777,'2018-08-29');
INSERT INTO dbo.VASARLAS ( VASARLAS_ID,DOLGOZO_ID,BERLET_ID,BERLET_MEGNEVEZES,IGAZOLVANY_SZAM,ERVENYESSEG_KEZDETE ) VALUES (8,8,190,'Felnőtt félhavi',8888888888,'2018-10-13');
INSERT INTO dbo.VASARLAS ( VASARLAS_ID,DOLGOZO_ID,BERLET_ID,BERLET_MEGNEVEZES,IGAZOLVANY_SZAM,ERVENYESSEG_KEZDETE ) VALUES (9,9,200,'Felnőtt 1 hónapos',9999999999,'2018-10-13');
INSERT INTO dbo.VASARLAS ( VASARLAS_ID,DOLGOZO_ID,BERLET_ID,BERLET_MEGNEVEZES,IGAZOLVANY_SZAM,ERVENYESSEG_KEZDETE ) VALUES (10,10,210,'1 napos nyugdíjas bérlet',1010101010,'2018-09-07');
INSERT INTO dbo.VASARLAS ( VASARLAS_ID,DOLGOZO_ID,BERLET_ID,BERLET_MEGNEVEZES,IGAZOLVANY_SZAM,ERVENYESSEG_KEZDETE ) VALUES (11,11,220,'2 napos nyugdíjas bérlet',1011101110,'2018-10-02');
INSERT INTO dbo.VASARLAS ( VASARLAS_ID,DOLGOZO_ID,BERLET_ID,BERLET_MEGNEVEZES,IGAZOLVANY_SZAM,ERVENYESSEG_KEZDETE ) VALUES (12,12,230,'3 napos nyugdíjas bérlet',1212121212,'2018-07-12');
INSERT INTO dbo.VASARLAS ( VASARLAS_ID,DOLGOZO_ID,BERLET_ID,BERLET_MEGNEVEZES,IGAZOLVANY_SZAM,ERVENYESSEG_KEZDETE ) VALUES (13,13,240,'Nyugdíjas félhavi',1313131313,'2018-05-23');
INSERT INTO dbo.VASARLAS ( VASARLAS_ID,DOLGOZO_ID,BERLET_ID,BERLET_MEGNEVEZES,IGAZOLVANY_SZAM,ERVENYESSEG_KEZDETE ) VALUES (14,14,250,'Nyugdíjas 1 hónapos',1414141414,'2018-11-29');
INSERT INTO dbo.VASARLAS ( VASARLAS_ID,DOLGOZO_ID,BERLET_ID,BERLET_MEGNEVEZES,IGAZOLVANY_SZAM,ERVENYESSEG_KEZDETE ) VALUES (15,15,110,'1 napos bérlet',1515151515,'2018-02-01');
INSERT INTO dbo.VASARLAS ( VASARLAS_ID,DOLGOZO_ID,BERLET_ID,BERLET_MEGNEVEZES,IGAZOLVANY_SZAM,ERVENYESSEG_KEZDETE ) VALUES (16,16,140,'1 napos diákbérlet',1616161616,'2018-08-23');
INSERT INTO dbo.VASARLAS ( VASARLAS_ID,DOLGOZO_ID,BERLET_ID,BERLET_MEGNEVEZES,IGAZOLVANY_SZAM,ERVENYESSEG_KEZDETE ) VALUES (17,17,160,'3 napos diákbérlet',1717171717,'2018-11-09');
INSERT INTO dbo.VASARLAS ( VASARLAS_ID,DOLGOZO_ID,BERLET_ID,BERLET_MEGNEVEZES,IGAZOLVANY_SZAM,ERVENYESSEG_KEZDETE ) VALUES (18,18,170,'Diák félhavi',1818181818,'2018-07-26');
INSERT INTO dbo.VASARLAS ( VASARLAS_ID,DOLGOZO_ID,BERLET_ID,BERLET_MEGNEVEZES,IGAZOLVANY_SZAM,ERVENYESSEG_KEZDETE ) VALUES (19,19,180,'Diák 1 hónapos',1919191919,'2018-05-15');
INSERT INTO dbo.VASARLAS ( VASARLAS_ID,DOLGOZO_ID,BERLET_ID,BERLET_MEGNEVEZES,IGAZOLVANY_SZAM,ERVENYESSEG_KEZDETE ) VALUES (20,20,220,'2 napos nyugdíjas',2020202020,'2018-04-17');
INSERT INTO dbo.VASARLAS ( VASARLAS_ID,DOLGOZO_ID,BERLET_ID,BERLET_MEGNEVEZES,IGAZOLVANY_SZAM,ERVENYESSEG_KEZDETE ) VALUES (21,21,180,'Diák 1 hónapos',2121212121,'2018-03-25');
INSERT INTO dbo.VASARLAS ( VASARLAS_ID,DOLGOZO_ID,BERLET_ID,BERLET_MEGNEVEZES,IGAZOLVANY_SZAM,ERVENYESSEG_KEZDETE ) VALUES (22,22,140,'1 napos diákbérlet',2022222222,'2018-05-13');
INSERT INTO dbo.VASARLAS ( VASARLAS_ID,DOLGOZO_ID,BERLET_ID,BERLET_MEGNEVEZES,IGAZOLVANY_SZAM,ERVENYESSEG_KEZDETE ) VALUES (23,23,170,'Diák félhavi',2323232323,'2018-10-31');
INSERT INTO dbo.VASARLAS ( VASARLAS_ID,DOLGOZO_ID,BERLET_ID,BERLET_MEGNEVEZES,IGAZOLVANY_SZAM,ERVENYESSEG_KEZDETE ) VALUES (24,24,170,'Diák féhavi',2424242424,'2018-12-21');
INSERT INTO dbo.VASARLAS ( VASARLAS_ID,DOLGOZO_ID,BERLET_ID,BERLET_MEGNEVEZES,IGAZOLVANY_SZAM,ERVENYESSEG_KEZDETE ) VALUES (25,25,110,'1 napos bérlet',2525252525,'2018-05-31');
INSERT INTO dbo.VASARLAS ( VASARLAS_ID,DOLGOZO_ID,BERLET_ID,BERLET_MEGNEVEZES,IGAZOLVANY_SZAM,ERVENYESSEG_KEZDETE ) VALUES (26,26,160,'3 napos diákbérlet',2626262626,'2018-11-27');
